Position,n,prop
1912,18,0.011242973141786383
1947,551,0.34415990006246094
15487,28,0.017489069331667707
15489,1105,0.6901936289818863
15494,1151,0.7189256714553404
18100,347,0.21673953778888194
24082,178,0.11118051217988757
24091,860,0.5371642723297939
26060,550,0.3435352904434728
29799,21,0.01311680199875078
